variable,mean,std
total_asset,908992.6608437694,29519808.316833768
age_of_account,11486433.935205184,130311910.53891973
transaction_amount,1166.7400702294285,12658.69693522444
frequency_of_transaction,0,0
